Work Item Type,Title,Description,Acceptance Criteria,Tags
Feature,Schedule / Calendar board,"As a dispatcher I want a calendar board (Daily/Week/Month) with map and slot-based job creation so that I can plan technicians' day efficiently.","<ul><li>Daily/Week/Month views</li><li>Read-only dispatch map (Daily)</li><li>Create job from empty slot</li><li>Jump to today via date click</li></ul>",Schedule
User Story,Switch calendar views & configure slot granularity,"As a dispatcher I want to switch between Daily / Week / Month views so that I can see scheduled jobs at different levels of detail.","<ul><li>Three views available: Daily, Week, Month; active view is visually indicated.</li><li>Job cards render on the board in every view.</li><li>Slot granularity configurable: 15 min / 30 min / 1 hour; changing it re-renders the time grid.</li><li>Chosen granularity persists.</li></ul>",Schedule
User Story,Jump to today by clicking the date,"As a dispatcher, after navigating to other days, I want to quickly return to today so that I don't lose my place.","<ul><li>Clicking the current date label returns the board to today.</li><li>No separate Today button (legacy design deprecated, not built).</li><li>Works in all three views (returns to the day/week/month containing today).</li></ul>",Schedule
User Story,Read-only dispatch map under the board (Daily only),"As a dispatcher I want to see where the selected day's jobs are geographically so that I can reason about technician routes and avoid scheduling visits on opposite ends of town.","<ul><li>Map renders only in Daily view, below the board.</li><li>Pin markers for the selected day's jobs; coordinates derived from job address (= client address).</li><li>Markers colored by technician and numbered by visit order (1st, 2nd, 3rd).</li><li>Read-only: no drag-and-drop, no route building/optimization in MVP; zoom in/out only.</li><li>Stays in sync with the board: date/status/filter changes recompute markers.</li><li>Jobs outside working hours and unscheduled jobs are not shown.</li><li>On init, auto-fit zoom so all of the day's jobs fit in view.</li></ul>",Schedule
User Story,Create a job from an empty slot,"As a dispatcher I want to click an empty slot, pick a technician, and create a job immediately (e.g. during a client call) so that I don't have to hunt for a separate full form.","<ul><li>Clicking an empty slot opens the Create Job form, prefilled.</li><li>Prefilled: Start date + Start time (from the slot), Assigned To (slot technician), Schedule toggle = ON.</li><li>Mandatory: Client (dropdown), Service/Job Type, Job Frequency (One-off / Recurring).</li><li>Job Duration defaults from Job Type (2h default; Installation = 8h); configurable per client.</li><li>End time auto-fills from duration and is bidirectional (duration changes end time and vice versa).</li><li>Arbitrary time entry allowed (not only :00/:30, e.g. 10:25).</li><li>Out-of-range warning: if job falls outside working hours (default 7:00-17:00, configurable in Settings) a warning modal appears; it does not block, only confirms.</li><li>Overlap check: while setting start/end, dynamically check the technician's other jobs and show an inline error at the bottom on conflict.</li><li>On save: status = Scheduled and the job renders immediately on the chosen slot.</li></ul>",Schedule
Task,Job Type as its own entity with custom types,"Backend/data-model spike: model Job Type as its own entity/table supporting custom types (MVP).","<ul><li>Job Type entity defined with custom types.</li><li>Default duration per type (Installation = 8h, others = 2h).</li></ul>",Schedule;spike
Task,Store geocoordinates + full address,"Backend spike supporting the dispatch map: persist coordinates and full address derived from client address.","<ul><li>Coordinates persisted per job/client.</li><li>Used by the Daily dispatch map markers.</li></ul>",Schedule;spike
Task,Decide start/end date column shape,"Data-model decision: store start/end date as one column or two.","<ul><li>Decision documented and applied to the schema.</li></ul>",Schedule;spike
Task,Address autocomplete on Client Create,"Enhancement: address autocomplete when creating a client (feeds job coordinates/address).","<ul><li>Autocomplete suggests addresses on Client Create.</li><li>Selected address yields coordinates for the map.</li></ul>",Schedule;spike
